统计量,LRCSI0,LRDJI0,LRCSI1,LRDJI1
最小值,-0.060191,-0.030934,-0.082087,-0.138418
最大值,0.057774,0.032394,0.074263,0.107643
均值,0.001327,0.000897,0.001094,0.000157
中位数,0.000355,0.001062,0.001617,0.001469
标准差,0.012361,0.007914,0.015226,0.024724
偏度,0.082309,-0.787407,-0.621412,-0.775851
峰度,3.98893,3.62982,6.050156,7.800563
